Name,Stock Code,Cutout,New Description,Image
Cove flexible 1,CO-100513, L1000*W13*H5mm,"Cove Profile Flexible
 White, 1Mtr,
 L1000*W13*H5mm.",https://i.ibb.co/qYXHbx1g/cove-flexible-1.png
Cove flexible 2,CO-152027, L1000*W27*H20MM,"Cove Profile Flexible
 White, 1Mtr,
 L1000*W27*H20MM",https://i.ibb.co/VpYZh4Z3/cove-flexible-2.png
Cove,CO-101616, L1000*W16*H16mm.,"Cove Profile
 White, 1Mtr,
 L1000*W16*H16mm.",https://i.ibb.co/CKMnX9KT/cove-profile.png
Under cabinet 1,FR-040818, L1000*W08*H18MM,"Under Cabinet
 Grey & White Diffuser, 1Mtr,
 L1000*W08*H18MM",https://i.ibb.co/8Svqyzj/under-cabnet-1.png
Under cabinet 2,FR-041011/CH,L1000*W12*H10mm,"Under Cabinet
 Champagne & White Diffuser, 1Mtr,
 L1000*W12*H10mm",https://i.ibb.co/gMQn2k3G/under-cab3-cham.png
Under cabinet 2,FR-041011/BL, L1000*W12*H10mm,"Under Cabinet
 Black & White Diffuser, 1Mtr,
 L1000*W12*H10mm",https://i.ibb.co/pBnWFc1d/under-cabnet-3.png
Under cabinet 3,FR-051009, L1000*W12*H10mm,"Under Cabinet
 Iron Grey & White Diffuser, 1Mtr,
 L1000*W12*H10mm",https://i.ibb.co/XZQgk8WR/under-cabnet-2.png
Wide Recessed,FR-181431,L1000*W23.5*H13.6mm,"Wide Recessed
 White & White Diffuser, 1Mtr,
 L1000*W23.5*H13.6mm",https://i.ibb.co/W4RtTKtZ/wide-recessed-WW.png
Wide Recessed Black Finish,FR-181431/BW,L1000*W23.5*H13.6mm,"Wide Recessed 
 Black & White Diffuser, 1Mtr,
 L1000*W23.5*H13.6mm",https://i.ibb.co/nNZ5GpCp/wide-recessed-BW.png
Wide Recessed Black Difuser,FR-181431/BB,L1000*W23.5*H13.6mm,"Wide Recessed 
 Black & Black Diffuser, 1Mtr,
 L1000*W23.5*H13.6mm",https://i.ibb.co/qh5CxZC/wide-recessed-BB.png
Slim Recessed,FR-051213T,L1000* W7.8*H12mm,"Slim Recessed
 White &White Diffuser, 1Mtr,
 L1000* W7.8*H12mm",https://i.ibb.co/bDYcV5m/slim-recessed-WW.png
Slim Recessed,FR-051213T/BW,L1000* W7.8*H12mm,"Slim Recessed
 Black &White Diffuser, 1Mtr,
 L1000* W7.8*H12mm",https://i.ibb.co/Ld4qzsgc/slim-recessed-BW.png
Slim Recessed,FR-051213T/BB,L1000* W7.8*H12mm,"Slim Recessed
 Black & Black Diffuser, 1Mtr,
 L1000* W7.8*H12mm",https://i.ibb.co/RkvLdWp4/slim-recessed-BB.png
Slim Trimless,FR-050908T, L1000* W8*H9mm,"Slim Trimless
 White & White Diffuser, 1Mtr,
 L1000* W8*H9mm",https://i.ibb.co/qMj0kvn1/slim-trimless-WW.png
Slim Trimless,FR-050908T/WB, L1000* W8*H9mm,"Slim Trimless
 White & Black Diffuser, 1Mtr,
 L1000* W8*H9mm",https://i.ibb.co/rfQgfSgq/slim-trimless-WB.png
Thin Recessed,FR-120823T, L1000*W17.1*H8mm,"Thin Recessed 
 White &White Diffuser, 1Mtr,
 L1000*W17.1*H8mm",https://i.ibb.co/1tCNqhND/thin-recessed-WW.png
Thin Recessed,FR-120823T/BW, L1000*W17.1*H8mm,"Thin Recessed 
 Black & White Diffuser, 1Mtr,
 L1000*W17.1*H8mm",https://i.ibb.co/5WxmwnND/thin-recessed-BW.png
Thin Recessed,FR-120823T/BB, L1000*W17.1*H8mm,"Thin Recessed 
 Black & Black Diffuser, 1Mtr,
 L1000*W17.1*H8mm",https://i.ibb.co/nNq78R6F/thin-recessed-BB.png
Thin Surface,FR-131617, L1000*W17*H15mm,"Thin Surface
 White & White Diffuser, 1Mtr,
 L1000*W17*H15mm",https://i.ibb.co/1tFzC2cG/thin-surface-WW.png
Thin Surface Black,FR-131617/BB, L1000*W17*H15mm,"Thin Surface
 Black & Black Diffuser, 1Mtr,
 L1000*W17*H15mm",https://i.ibb.co/35rZ8YxH/thin-surface-BB.png
Thin Surface,FR-131617/WB, L1000*W17*H15mm,"Thin Surface
 White & Black Diffuser, 1Mtr,
 L1000*W17*H15mm",https://i.ibb.co/j9pY6bFG/thin-surface-WB.png
Wide Surface,FR-201623, L1000*W23.5*H15mm,"Wide Surface
 White & White Diffuser, 1Mtr,
 L1000*W23.5*H15mm",https://i.ibb.co/7dwfgGxY/wide-surface-WW.png
Wide Surface,FR-201623/BB, L1000*W23.5*H15mm,"Wide Surface
 Black & Black Diffuser, 1Mtr,
 L1000*W23.5*H15mm",https://i.ibb.co/3y8h8k4c/wide-surface-BB.png
Wide Surface,FR-201623/WB, L1000*W23.5*H15mm,"Wide Surface
 White & Black Diffuser, 1Mtr,
 L1000*W23.5*H15mm",https://i.ibb.co/QFJVwPcy/wide-surface-WB.png
Ceiling,CR-253550T, L1000*W50*H35mm,"Ceiling Recessed
 White & White diffuser, 1Mtr,
 L1000*W50*H35mm",https://i.ibb.co/qFFDXkjv/celling-recessed-W.png
Ceiling,CR-253550T/BW, L1000*W50*H35mm,"Ceiling Recessed
 Black & White diffuser, 1Mtr,
 L1000*W50*H35mm",https://i.ibb.co/nNZ5GpCp/wide-recessed-BW.png
Ceiling,CR-253550T/BB, L1000*W50*H35mm,"Ceiling Recessed
 Black & Black diffuser, 1Mtr,
 L1000*W50*H35mm",https://i.ibb.co/qh5CxZC/wide-recessed-BB.png
Ceiling,CR-253535,L1000*W35*H35mm,"Ceiling Trimless
 White & White diffuser, 1Mtr,
 L1000*W35*H35mm",https://i.ibb.co/ym2bBn0t/ceiling-trimless-WW.png
Ceiling,CR-253535/BB,L1000*W35*H35mm,"Ceiling Trimless
 Black & Black diffuser, 1Mtr,
 L1000*W35*H35mm",https://i.ibb.co/4gYtrZVF/celling-trimless-bb.png
Ceiling,CR-253535/WB,L1000*W35*H35mm,"Ceiling Trimless
 White & Black diffuser, 1Mtr,
 L1000*W35*H35mm",https://i.ibb.co/MxCXqpBF/ceiling-trimless-WB.png
Grazer,GR-122015, L1000*W17.1*H20mm,"Curtain Grazer
 White, 1Mtr,
  L1000*W17.1*H20mm",https://i.ibb.co/qMs3vcCY/curtain-grazer.png
Wall Mounted UP/DOWN Profile,WW-121848TD,L1000*W48.5*H17.7mm,"Wall mounted 
 White & White diffuser, 1Mtr,
  L1000*W48.5*H17.7mm",https://i.ibb.co/bk11K8q/wall-mounted-WW.png
Wall Mounted UP/DOWN Profile,WW-121848TD/BW,L1000*W48.5*H17.7mm,"Wall mounted
 Black & White Diffuser, 1Mtr,
  L1000*W48.5*H17.7mm",https://i.ibb.co/MxWLP6Zd/wall-mounted-BW.png
Wall Grazer Profile,GR-251727, L1000*27.5*17.3mm,"Wall Grazer 
 White & Transparent Diffuser, 1Mtr,
  L1000*27.5*17.3mm",https://i.ibb.co/gMj90ZTW/wall-grazer.png
Wall Grazer Profile,GR-254348,L1000*43*48mm,"Wall Grazer 
 Black & Transparant diffuser, 1Mtr,
 L1000*43*48mm",https://i.ibb.co/Xk2zrHNV/wall-grazer-black.png
Lumen,FR-1515/B, L1000*16*3mm,"Lumen Fly 
 Black, L1000*16*3mm",https://i.ibb.co/bgTLKVgt/luman-fly.png
Bendable,TC-0216, L1000*16*16mm,"Bendable Curve 
 White & White Diffuser, 1Mtr,
 L1000*16*16mm",https://i.ibb.co/3Y94fdVg/Bendable-curve-1.png
Bendable,TC-0216/BW, L1000*16*16mm,"Bendable Curve 
 White & Black Diffuser, 1Mtr,
 L1000*16*16mm",https://i.ibb.co/MktdqKrg/Bendable-curve-1-B.png
Bendable,TC-0220, L1000*20*16mm,"Bendable Curve 
 White & White Diffuser, 1Mtr,
 L1000*20*16mm",https://i.ibb.co/yF4f10Jq/bendabke-curve-2.png
Bendable,TC-0220/BW, L1000*20*16mm,"Bendable Curve 
 White & Black Diffuser, 1Mtr,
 L1000*20*16mm",https://i.ibb.co/Jj8bLgkn/bendabke-curve-2-B.png
Trimless,TL-101313,L1000*W13*H14mm,"Thin Trimless 
 White & White diffuser, 1Mtr,
 L1000*W13*H14mm",https://i.ibb.co/23VLnVcT/thin-trimless-WW.png
Trimless,TL-101313/WB,L1000*W13*H14mm,"Thin Trimless 
 White & Black diffuser, 1Mtr,
 L1000*W13*H14mm",https://i.ibb.co/nMVhMk99/thin-trimless-WB.png
Trimless,TL-201430, L1000*W23*H14mm,"Wide Trimless 
 White & White diffuser, 1Mtr,
 1000*W23*H14mm",https://i.ibb.co/Lhq7hyqg/wide-trimless-WW.png
Trimless,TL-201430/WB, L1000*W23*H14mm,"Wide Trimless 
 White & Black diffuser, 1Mtr,
 L1000*W23*H14mm",https://i.ibb.co/ksvBz6jn/wide-trimless-WB.png
Surface,FS-142217,L1000*W17*H22mm,"Deep Surface 
 White & White Diffuser, 1Mtr
  L1000*W17*H22mm",https://i.ibb.co/93cDYJnR/deep-surface-WW.png
surface,FS-142217B,L1000*W17*H22mm,"Deep Surface 
 Black & White Diffuser, 1Mtr
  L1000*W17*H22mm",https://i.ibb.co/hRW1Jp8T/deep-surface-BW.png
Recessed,FR-142217,L1000*W17*H22mm,"Deep Recessed 
 White & White Diffuser, 1Mtr
  L1000*W17*H22mm",https://i.ibb.co/vCbV6hw5/deep-recessed-WW.png
Recessed,FR-142217B,L1000*W17*H22mm,"Deep Recessed 
 Black & White Diffuser, 1Mtr
  L1000*W17*H22mm",https://i.ibb.co/kRqFFPH/deep-recessed-BW.png
Trimless,TL 222542, L1000*W25*H42mm,"Deep Trimless
 White & White Diffuser, 1Mtr
  L1000*W25*H42mm",https://i.ibb.co/B5G1djc5/deep-trimless-ww.png
Suspended,CS-3030B, L1000*W30*H30mm,"Suspended 1 
 Black & White Diffuser, 1Mtr
  L1000*W30*H30mm",https://i.ibb.co/jPRZsCfK/SUSPENDED-1-B.png
Suspended,CS-3034B,L1000*W34*H37mm,"Suspended 2
 Black & White Diffuser, 1Mtr
  L1000*W34*H37mm",https://i.ibb.co/hxmfp63X/SUSPENDED-2-B.png
Suspended,CS-4026B, L1000*W40*H26mm,"Suspended 6
 Black & White Diffuser, 1Mtr
  L1000*W40*H26mm",https://i.ibb.co/fdc5fjgH/Suspended-6-B.png
Suspended,CS-4038,  L1000*W40*H39mm,"Suspended 7
 Black & White Diffuser, 1Mtr
  L1000*W40*H39mm",https://i.ibb.co/WNV1ZcKJ/Suspended-7-B.png
Suspended,CS-3225,  L1000*W32*H25mm,"Suspended 5
 White & White Diffuser, 1Mtr
  L1000*W32*H25mm",https://i.ibb.co/FvS1Ksm/Suspended-5-WW.png
Suspended,CS-3225B,  L1000*W32*H25mm,"Suspended 5
 Black & White Diffuser, 1Mtr
  L1000*W32*H25mm",https://i.ibb.co/bgPxqbdZ/Suspended-5-B.png
Suspended,CS-5075WH, L1000*W50*H75mm,"Suspended 3
 White & White Diffuser, 1Mtr
  L1000*W50*H75mm",https://i.ibb.co/mrXWYdL9/Suspended-3-WW.png
Suspended,CS-5075BH, L1000*W50*H75mm,"Suspended 3
 Black & White Diffuser, 1Mtr
  L1000*W50*H75mm",https://i.ibb.co/HDcRT8cZ/Suspended-3-B.png
Suspended,CS-5175B,L1000*W50*H75mm,"Suspended 4
 Black & White Diffuser, 1Mtr
  L1000*W50*H75mm",https://i.ibb.co/YBQby0jn/Suspended-4-B.png
Water Proof Profile,WP-101518, L1000*18*H15mm,"Water Proof 
 White, 1Mtr,
 L1000*18*H15mm",https://i.ibb.co/4wq9Z1rQ/water-proof.png
Wall Mounted Profile,CT-374915, L1000*49*38mm,"Surface Indirect
 White & White diffuser, 1Mtr,
 L1000*49*38mm",https://i.ibb.co/4yyj84j/Surface-Indirect-01-W.png