Name,Item No,Vf,Imax,CCT,CRI,Cutout,Beam Angle,Wattage,Batch Code,Stock Code,BIS No,BIS SEC,MRP,MFG BY,IMAGE
Anka,AOLZ1054,240V AC,NA,3000K, CRI>80,φ54*115mm,15~60° (Zoomable),10W,AJ/CG,AOLZ1054/30/B/S,R-41249637,IS 10322 (PART 5/SEC 1) : 2012,22199,"Dongguan Qinglang Lighting Co.,Ltd.No.5, Fuming Road, Hengli Town, Dongguan CityGuangdong Province.",./assets/images/outdoor/Anka-AOLZ1054.webp
Anka,AOLZ1054,240V AC,NA,3000K, CRI>80,φ54*115mm,15~60° (Zoomable),10W,AJ/CG,AOLZ1054/30/G/S,R-41249637,IS 10322 (PART 5/SEC 1) : 2012,22199,"Dongguan Qinglang Lighting Co.,Ltd.No.5, Fuming Road, Hengli Town, Dongguan CityGuangdong Province.",./assets/images/outdoor/Anka-Grey.webp
Zibal 3,AOLS0242,240V AC,NA,3000K, CRI>80,φ45*90mm, 5°,3W,AJ/CG,AOLS0242/30/5/B/S,R-41249637,IS 10322 (PART 5/SEC 1) : 2012,7399,"Dongguan Qinglang Lighting Co.,Ltd.No.5, Fuming Road, Hengli Town, Dongguan CityGuangdong Province.",./assets/images/outdoor/Zibal.webp
Zibal 3,AOLS0242,240V AC,NA,3000K, CRI>80,φ45*90mm, 8°,3W,AJ/CG,AOLS0242/30/8/B/S,R-41249637,IS 10322 (PART 5/SEC 1) : 2012,7399,"Dongguan Qinglang Lighting Co.,Ltd.No.5, Fuming Road, Hengli Town, Dongguan CityGuangdong Province.",./assets/images/outdoor/Zibal.webp
Zibal 3,AOLS0242,240V AC,NA,3000K, CRI>80,φ45*90mm, 25°,3W,AJ/CG,AOLS0242/30/25/B/S,R-41249637,IS 10322 (PART 5/SEC 1) : 2012,7399,"Dongguan Qinglang Lighting Co.,Ltd.No.5, Fuming Road, Hengli Town, Dongguan CityGuangdong Province.",./assets/images/outdoor/Zibal.webp
Zibal 3,AOLS0242,240V AC,NA,3000K, CRI>80,φ45*90mm, 40°,3W,AJ/CG,AOLS0242/30/40/B/S,R-41249637,IS 10322 (PART 5/SEC 1) : 2012,7399,"Dongguan Qinglang Lighting Co.,Ltd.No.5, Fuming Road, Hengli Town, Dongguan CityGuangdong Province.",./assets/images/outdoor/Zibal.webp
Zibal 3,AOLS0242,240V AC,NA,3000K, CRI>80,φ45*90mm, 60°,3W,AJ/CG,AOLS0242/30/60/B/S,R-41249637,IS 10322 (PART 5/SEC 1) : 2012,7399,"Dongguan Qinglang Lighting Co.,Ltd.No.5, Fuming Road, Hengli Town, Dongguan CityGuangdong Province.",./assets/images/outdoor/Zibal.webp
Zibal 5.5,AOLS0663,240V AC,NA,3000K, CRI>80,φ45*90mm, 15°,6W,AJ/CG,AOLS0663/30/15/B/S,R-41249637,IS 10322 (PART 5/SEC 1) : 2012,8749,"Dongguan Qinglang Lighting Co.,Ltd.No.5, Fuming Road, Hengli Town, Dongguan CityGuangdong Province.",./assets/images/outdoor/Zibal.webp
Zibal 5.5,AOLS0663,240V AC,NA,3000K, CRI>80,φ45*90mm, 30°,6W,AJ/CG,AOLS0663/30/30/B/S,R-41249637,IS 10322 (PART 5/SEC 1) : 2012,8749,"Dongguan Qinglang Lighting Co.,Ltd.No.5, Fuming Road, Hengli Town, Dongguan CityGuangdong Province.",./assets/images/outdoor/Zibal.webp
Zibal 5.5,AOLS0663,240V AC,NA,3000K, CRI>80,φ45*90mm, 45°,6W,AJ/CG,AOLS0663/30/45/B/S,R-41249637,IS 10322 (PART 5/SEC 1) : 2012,8749,"Dongguan Qinglang Lighting Co.,Ltd.No.5, Fuming Road, Hengli Town, Dongguan CityGuangdong Province.",./assets/images/outdoor/Zibal.webp
Zibal 5.5,AOLS0663,240V AC,NA,3000K, CRI>80,φ45*90mm, 60°,6W,AJ/CG,AOLS0663/30/60/B/S,R-41249637,IS 10322 (PART 5/SEC 1) : 2012,8749,"Dongguan Qinglang Lighting Co.,Ltd.No.5, Fuming Road, Hengli Town, Dongguan CityGuangdong Province.",./assets/images/outdoor/Zibal.webp
Zibal 12,AOLS1270,240V AC,NA,3000K, CRI>80,φ65*115mm, 15°,12W,AJ/CG,AOLS1270/30/15/B/S,R-41249637,IS 10322 (PART 5/SEC 1) : 2012,11199,"Dongguan Qinglang Lighting Co.,Ltd.No.5, Fuming Road, Hengli Town, Dongguan CityGuangdong Province.",./assets/images/outdoor/Zibal.webp
Zibal 12,AOLS1270,240V AC,NA,3000K, CRI>80,φ65*115mm, 30°,12W,AJ/CG,AOLS1270/30/30/B/S,R-41249637,IS 10322 (PART 5/SEC 1) : 2012,11199,"Dongguan Qinglang Lighting Co.,Ltd.No.5, Fuming Road, Hengli Town, Dongguan CityGuangdong Province.",./assets/images/outdoor/Zibal.webp
Zibal 12,AOLS1270,240V AC,NA,3000K, CRI>80,φ65*115mm, 45°,12W,AJ/CG,AOLS1270/30/45/B/S,R-41249637,IS 10322 (PART 5/SEC 1) : 2012,11199,"Dongguan Qinglang Lighting Co.,Ltd.No.5, Fuming Road, Hengli Town, Dongguan CityGuangdong Province.",./assets/images/outdoor/Zibal.webp
Zibal 12,AOLS1270,240V AC,NA,3000K, CRI>80,φ65*115mm, 60°,12W,AJ/CG,AOLS1270/30/60/B/S,R-41249637,IS 10322 (PART 5/SEC 1) : 2012,11199,"Dongguan Qinglang Lighting Co.,Ltd.No.5, Fuming Road, Hengli Town, Dongguan CityGuangdong Province.",./assets/images/outdoor/Zibal.webp
Zibal 16,AOLS1280,240V AC,NA,3000K, CRI>80, φ75*135mm, 15°,16W,AJ/CG,AOLS1280/30/15/B/S,R-41249637,IS 10322 (PART 5/SEC 1) : 2012,14799,"Dongguan Qinglang Lighting Co.,Ltd.No.5, Fuming Road, Hengli Town, Dongguan CityGuangdong Province.",./assets/images/outdoor/Zibal.webp
Zibal 16,AOLS1280,240V AC,NA,3000K, CRI>80, φ75*135mm, 30°,16W,AJ/CG,AOLS1280/30/30/B/S,R-41249637,IS 10322 (PART 5/SEC 1) : 2012,14799,"Dongguan Qinglang Lighting Co.,Ltd.No.5, Fuming Road, Hengli Town, Dongguan CityGuangdong Province.",./assets/images/outdoor/Zibal.webp
Zibal 16,AOLS1280,240V AC,NA,3000K, CRI>80, φ75*135mm, 45°,16W,AJ/CG,AOLS1280/30/45/B/S,R-41249637,IS 10322 (PART 5/SEC 1) : 2012,14799,"Dongguan Qinglang Lighting Co.,Ltd.No.5, Fuming Road, Hengli Town, Dongguan CityGuangdong Province.",./assets/images/outdoor/Zibal.webp
Zibal 16,AOLS1280,240V AC,NA,3000K, CRI>80, φ75*135mm, 60°,16W,AJ/CG,AOLS1280/30/60/B/S,R-41249637,IS 10322 (PART 5/SEC 1) : 2012,14799,"Dongguan Qinglang Lighting Co.,Ltd.No.5, Fuming Road, Hengli Town, Dongguan CityGuangdong Province.",./assets/images/outdoor/Zibal.webp
Sabik,AOLS0960,240V AC,NA,3000K, CRI>80, φ60*100mm, 6°,9W,AJ/CG,AOLS0960/30/6/B/S,R-41249637,IS 10322 (PART 5/SEC 1) : 2012,12399,"Dongguan Qinglang Lighting Co.,Ltd.No.5, Fuming Road, Hengli Town, Dongguan CityGuangdong Province.",./assets/images/outdoor/Sabik.webp
Sabik,AOLS0960,240V AC,NA,3000K, CRI>80, φ60*100mm, 12°,9W,AJ/CG,AOLS0960/30/12/B/S,R-41249637,IS 10322 (PART 5/SEC 1) : 2012,12399,"Dongguan Qinglang Lighting Co.,Ltd.No.5, Fuming Road, Hengli Town, Dongguan CityGuangdong Province.",./assets/images/outdoor/Sabik.webp
Sabik,AOLS0960,240V AC,NA,3000K, CRI>80, φ60*100mm, 25°,9W,AJ/CG,AOLS0960/30/25/B/S,R-41249637,IS 10322 (PART 5/SEC 1) : 2012,12399,"Dongguan Qinglang Lighting Co.,Ltd.No.5, Fuming Road, Hengli Town, Dongguan CityGuangdong Province.",./assets/images/outdoor/Sabik.webp
Sabik,AOLS0960,240V AC,NA,3000K, CRI>80, φ60*100mm, 40°,9W,AJ/CG,AOLS0960/30/40/B/S,R-41249637,IS 10322 (PART 5/SEC 1) : 2012,12399,"Dongguan Qinglang Lighting Co.,Ltd.No.5, Fuming Road, Hengli Town, Dongguan CityGuangdong Province.",./assets/images/outdoor/Sabik.webp
Sabik,AOLS0960,240V AC,NA,3000K, CRI>80, φ60*100mm, 60°,9W,AJ/CG,AOLS0960/30/60/B/S,R-41249637,IS 10322 (PART 5/SEC 1) : 2012,12399,"Dongguan Qinglang Lighting Co.,Ltd.No.5, Fuming Road, Hengli Town, Dongguan CityGuangdong Province.",./assets/images/outdoor/Sabik.webp
Polis 15,AOSL1580,240V AC,NA,3000K, CRI>80, φ75*135mm, 18°,15W,AJ/CG,AOSL1580/30/18/B/S,R-41249637,IS 10322 (PART 5/SEC 1) : 2012,16199,"Dongguan Qinglang Lighting Co.,Ltd.No.5, Fuming Road, Hengli Town, Dongguan CityGuangdong Province.",./assets/images/outdoor/Polis.webp
Polis 15,AOSL1580,240V AC,NA,3000K, CRI>80, φ75*135mm, 24°,15W,AJ/CG,AOSL1580/30/24/B/S,R-41249637,IS 10322 (PART 5/SEC 1) : 2012,16199,"Dongguan Qinglang Lighting Co.,Ltd.No.5, Fuming Road, Hengli Town, Dongguan CityGuangdong Province.",./assets/images/outdoor/Polis.webp
Polis 15,AOSL1580,240V AC,NA,3000K, CRI>80, φ75*135mm, 38°,15W,AJ/CG,AOSL1580/30/38/B/S,R-41249637,IS 10322 (PART 5/SEC 1) : 2012,16199,"Dongguan Qinglang Lighting Co.,Ltd.No.5, Fuming Road, Hengli Town, Dongguan CityGuangdong Province.",./assets/images/outdoor/Polis.webp
Polis 15,AOSL1580,240V AC,NA,3000K, CRI>80, φ75*135mm, 60°,15W,AJ/CG,AOSL1580/30/60/B/S,R-41249637,IS 10322 (PART 5/SEC 1) : 2012,16199,"Dongguan Qinglang Lighting Co.,Ltd.No.5, Fuming Road, Hengli Town, Dongguan CityGuangdong Province.",./assets/images/outdoor/Polis.webp
Polis 25,AOLS2510,240V AC,NA,3000K, CRI>80, φ75*135mm, 18°,25W,AJ/CG,AOLS2510/30/18/B/S,R-41249637,IS 10322 (PART 5/SEC 1) : 2012,23199,"Dongguan Qinglang Lighting Co.,Ltd.No.5, Fuming Road, Hengli Town, Dongguan CityGuangdong Province.",./assets/images/outdoor/Polis.webp
Polis 25,AOLS2510,240V AC,NA,3000K, CRI>80, φ75*135mm, 24°,25W,AJ/CG,AOLS2510/30/24/B/S,R-41249637,IS 10322 (PART 5/SEC 1) : 2012,23199,"Dongguan Qinglang Lighting Co.,Ltd.No.5, Fuming Road, Hengli Town, Dongguan CityGuangdong Province.",./assets/images/outdoor/Polis.webp
Polis 25,AOLS2510,240V AC,NA,3000K, CRI>80, φ75*135mm, 38°,25W,AJ/CG,AOLS2510/30/38/B/S,R-41249637,IS 10322 (PART 5/SEC 1) : 2012,23199,"Dongguan Qinglang Lighting Co.,Ltd.No.5, Fuming Road, Hengli Town, Dongguan CityGuangdong Province.",./assets/images/outdoor/Polis.webp
Polis 25,AOLS2510,240V AC,NA,3000K, CRI>80, φ75*135mm, 60°,25W,AJ/CG,AOLS2510/30/60/B/S,R-41249637,IS 10322 (PART 5/SEC 1) : 2012,23199,"Dongguan Qinglang Lighting Co.,Ltd.No.5, Fuming Road, Hengli Town, Dongguan CityGuangdong Province.",./assets/images/outdoor/Polis.webp
Caph,AOGLL255,240V AC,NA,3000K, CRI>80, φ48*115mm, 10°,2W,AJ/CG,AOGLL255/30/10/R, R-41248967 ,IS 10322 (PART 5/SEC 2) : 2012,6749,"Dongguan Qinglang Lighting Co.,Ltd.No.5, Fuming Road, Hengli Town, Dongguan CityGuangdong Province.",./assets/images/outdoor/Caph.webp
Caph,AOGLL255,240V AC,NA,3000K, CRI>80, φ48*115mm, 25°,2W,AJ/CG,AOGLL255/30/25/R, R-41248967 ,IS 10322 (PART 5/SEC 2) : 2012,6749,"Dongguan Qinglang Lighting Co.,Ltd.No.5, Fuming Road, Hengli Town, Dongguan CityGuangdong Province.",./assets/images/outdoor/Caph.webp
Caph,AOGLL255,240V AC,NA,3000K, CRI>80, φ48*115mm, 35°,2W,AJ/CG,AOGLL255/30/35/R, R-41248967 ,IS 10322 (PART 5/SEC 2) : 2012,6749,"Dongguan Qinglang Lighting Co.,Ltd.No.5, Fuming Road, Hengli Town, Dongguan CityGuangdong Province.",./assets/images/outdoor/Caph.webp
Caph,AOGLL255,240V AC,NA,3000K, CRI>80, φ48*115mm, 40°,2W,AJ/CG,AOGLL255/30/40/R, R-41248967 ,IS 10322 (PART 5/SEC 2) : 2012,6749,"Dongguan Qinglang Lighting Co.,Ltd.No.5, Fuming Road, Hengli Town, Dongguan CityGuangdong Province.",./assets/images/outdoor/Caph.webp
Caph,AOGLL255,240V AC,NA,3000K, CRI>80, φ48*115mm, 15°,2W,AJ/CG,AOGLL255/30/15/C, R-41248967 ,IS 10322 (PART 5/SEC 2) : 2012,6749,"Dongguan Qinglang Lighting Co.,Ltd.No.5, Fuming Road, Hengli Town, Dongguan CityGuangdong Province.",./assets/images/outdoor/Caph-2-C.webp
Caph,AOGLL255,240V AC,NA,3000K, CRI>80, φ48*115mm, 25°,2W,AJ/CG,AOGLL255/30/25/C, R-41248967 ,IS 10322 (PART 5/SEC 2) : 2012,6749,"Dongguan Qinglang Lighting Co.,Ltd.No.5, Fuming Road, Hengli Town, Dongguan CityGuangdong Province.",./assets/images/outdoor/Caph-2-C.webp
Caph,AOGLL255,240V AC,NA,3000K, CRI>80, φ48*115mm, 35°,2W,AJ/CG,AOGLL255/30/35/C, R-41248967 ,IS 10322 (PART 5/SEC 2) : 2012,6749,"Dongguan Qinglang Lighting Co.,Ltd.No.5, Fuming Road, Hengli Town, Dongguan CityGuangdong Province.",./assets/images/outdoor/Caph-2-C.webp
Caph,AOGLL255,240V AC,NA,3000K, CRI>80, φ48*115mm, 40°,2W,AJ/CG,AOGLL255/30/40/C, R-41248967 ,IS 10322 (PART 5/SEC 2) : 2012,6749,"Dongguan Qinglang Lighting Co.,Ltd.No.5, Fuming Road, Hengli Town, Dongguan CityGuangdong Province.",./assets/images/outdoor/Caph-2-C.webp
Segin,AOGL0255,240V AC,NA,3000K, CRI>80, φ48*115mm, 1°,2W,AJ/CG,AOGL0255/30/1/B, R-41248967 ,IS 10322 (PART 5/SEC 2) : 2012,6799,"Dongguan Qinglang Lighting Co.,Ltd.No.5, Fuming Road, Hengli Town, Dongguan CityGuangdong Province.",./assets/images/outdoor/Segin-1-Way-B.webp
Segin,AOGL0255,240V AC,NA,3000K, CRI>80, φ48*115mm, 1°,2W,AJ/CG,AOGL0255/30/1/G, R-41248967 ,IS 10322 (PART 5/SEC 2) : 2012,6799,"Dongguan Qinglang Lighting Co.,Ltd.No.5, Fuming Road, Hengli Town, Dongguan CityGuangdong Province.",./assets/images/outdoor/Segin-1-Way-G.webp
Segin,AOGL0255,240V AC,NA,3000K, CRI>80, φ48*115mm, 2°,2W,AJ/CG,AOGL0255/30/2/B, R-41248967 ,IS 10322 (PART 5/SEC 2) : 2012,6799,"Dongguan Qinglang Lighting Co.,Ltd.No.5, Fuming Road, Hengli Town, Dongguan CityGuangdong Province.",./assets/images/outdoor/Segin-2-Way-B.webp
Segin,AOGL0255,240V AC,NA,3000K, CRI>80, φ48*115mm, 2°,2W,AJ/CG,AOGL0255/30/2/G, R-41248967 ,IS 10322 (PART 5/SEC 2) : 2012,6799,"Dongguan Qinglang Lighting Co.,Ltd.No.5, Fuming Road, Hengli Town, Dongguan CityGuangdong Province.",./assets/images/outdoor/Segin-2-Way-G.webp
Segin,AOGL0255,240V AC,NA,3000K, CRI>80, φ48*115mm, 4°,2W,AJ/CG,AOGL0255/30/4/B, R-41248967 ,IS 10322 (PART 5/SEC 2) : 2012,6799,"Dongguan Qinglang Lighting Co.,Ltd.No.5, Fuming Road, Hengli Town, Dongguan CityGuangdong Province.",./assets/images/outdoor/Segin-4-Way-B.webp
Segin,AOGL0255,240V AC,NA,3000K, CRI>80, φ48*115mm, 4°,2W,AJ/CG,AOGL0255/30/4/G, R-41248967 ,IS 10322 (PART 5/SEC 2) : 2012,6799,"Dongguan Qinglang Lighting Co.,Ltd.No.5, Fuming Road, Hengli Town, Dongguan CityGuangdong Province.",./assets/images/outdoor/Segin-4-Way-G.webp
Anser,AOGL0611,240V AC,NA,3000K, CRI>80,φ116*38mm,NA,6W,AJ/CG,AOGL0611/30, R-41248967 ,IS 10322 (PART 5/SEC 2) : 2012,10699,"Dongguan Qinglang Lighting Co.,Ltd.No.5, Fuming Road, Hengli Town, Dongguan CityGuangdong Province.",./assets/images/outdoor/Anser.webp
Izar,AOGL0395,240V AC,NA,3000K, CRI>80, φ48*115mm, 8°,3W,AJ/CG,AOGL0395/30/8, R-41248967 ,IS 10322 (PART 5/SEC 2) : 2012,11499,"Dongguan Qinglang Lighting Co.,Ltd.No.5, Fuming Road, Hengli Town, Dongguan CityGuangdong Province.",./assets/images/outdoor/Izar.webp
Izar,AOGL0395,240V AC,NA,3000K, CRI>80, φ48*115mm, 15°,3W,AJ/CG,AOGL0395/30/15, R-41248967 ,IS 10322 (PART 5/SEC 2) : 2012,11499,"Dongguan Qinglang Lighting Co.,Ltd.No.5, Fuming Road, Hengli Town, Dongguan CityGuangdong Province.",./assets/images/outdoor/Izar.webp
Izar,AOGL0395,240V AC,NA,3000K, CRI>80, φ48*115mm, 30°,3W,AJ/CG,AOGL0395/30/30, R-41248967 ,IS 10322 (PART 5/SEC 2) : 2012,11499,"Dongguan Qinglang Lighting Co.,Ltd.No.5, Fuming Road, Hengli Town, Dongguan CityGuangdong Province.",./assets/images/outdoor/Izar.webp
Izar,AOGL0395,240V AC,NA,3000K, CRI>80, φ48*115mm, 40°,3W,AJ/CG,AOGL0395/30/40, R-41248967 ,IS 10322 (PART 5/SEC 2) : 2012,11499,"Dongguan Qinglang Lighting Co.,Ltd.No.5, Fuming Road, Hengli Town, Dongguan CityGuangdong Province.",./assets/images/outdoor/Izar.webp
Izar,AOGL0395,240V AC,NA,3000K, CRI>80, φ48*115mm, 60°,3W,AJ/CG,AOGL0395/30/60, R-41248967 ,IS 10322 (PART 5/SEC 2) : 2012,11499,"Dongguan Qinglang Lighting Co.,Ltd.No.5, Fuming Road, Hengli Town, Dongguan CityGuangdong Province.",./assets/images/outdoor/Izar.webp
Timir,AOSL0278,240V AC,NA,3000K, CRI>80,φ79*53mm,NA,2W,AJ/CG,AOSL0278/30/R, R-41248967 ,IS 10322 (PART 5/SEC 2) : 2012,5649,"Dongguan Qinglang Lighting Co.,Ltd.No.5, Fuming Road, Hengli Town, Dongguan CityGuangdong Province.",./assets/images/outdoor/Timir.webp
Timir,AOSL0278,240V AC,NA,3000K, CRI>80,φ79*53mm,NA,2W,AJ/CG,AOSL0278/30/S, R-41248967 ,IS 10322 (PART 5/SEC 2) : 2012,5649,"Dongguan Qinglang Lighting Co.,Ltd.No.5, Fuming Road, Hengli Town, Dongguan CityGuangdong Province.",./assets/images/outdoor/Timir.webp
Timir,AOSL0278,240V AC,NA,3000K, CRI>80,φ79*53mm,NA,2W,AJ/CG,AOSL0278/30/R/B, R-41248967 ,IS 10322 (PART 5/SEC 2) : 2012,5649,"Dongguan Qinglang Lighting Co.,Ltd.No.5, Fuming Road, Hengli Town, Dongguan CityGuangdong Province.",./assets/images/outdoor/Timir.webp
Timir,AOSL0278,240V AC,NA,3000K, CRI>80,φ79*53mm,NA,2W,AJ/CG,AOSL0278/30/S/B, R-41248967 ,IS 10322 (PART 5/SEC 2) : 2012,5649,"Dongguan Qinglang Lighting Co.,Ltd.No.5, Fuming Road, Hengli Town, Dongguan CityGuangdong Province.",./assets/images/outdoor/Timir.webp
Morava,AOWL0238,24V DC,NA,3000K, CRI>80, φ38*65mm, 15°,2W,AJ/CG,AOWL0238/30/15, R-41248967 ,IS 10322 (PART 5/SEC 2) : 2012,7799,"Dongguan Qinglang Lighting Co.,Ltd.No.5, Fuming Road, Hengli Town, Dongguan CityGuangdong Province.",./assets/images/outdoor/Morava.webp
Morava,AOWL0238,24V DC,NA,3000K, CRI>80, φ38*65mm, 35°,2W,AJ/CG,AOWL0238/30/35, R-41248967 ,IS 10322 (PART 5/SEC 2) : 2012,7799,"Dongguan Qinglang Lighting Co.,Ltd.No.5, Fuming Road, Hengli Town, Dongguan CityGuangdong Province.",./assets/images/outdoor/Morava.webp
Morava,AOWL0238,24V DC,NA,3000K, CRI>80, φ38*65mm, 40°,2W,AJ/CG,AOWL0238/30/40, R-41248967 ,IS 10322 (PART 5/SEC 2) : 2012,7799,"Dongguan Qinglang Lighting Co.,Ltd.No.5, Fuming Road, Hengli Town, Dongguan CityGuangdong Province.",./assets/images/outdoor/Morava.webp
Morava,AOWL0238,24V DC,NA,3000K, CRI>80, φ38*65mm, 60°,2W,AJ/CG,AOWL0238/30/60, R-41248967 ,IS 10322 (PART 5/SEC 2) : 2012,7799,"Dongguan Qinglang Lighting Co.,Ltd.No.5, Fuming Road, Hengli Town, Dongguan CityGuangdong Province.",./assets/images/outdoor/Morava.webp
Marsic,AOWS0261,24V DC,NA,3000K, CRI>80,φ61*92mm, 15°,2W,AJ/CG,AOWS0261/30/15, R-41248967 ,IS 10322 (PART 5/SEC 2) : 2012,11099,"Dongguan Qinglang Lighting Co.,Ltd.No.5, Fuming Road, Hengli Town, Dongguan CityGuangdong Province.",./assets/images/outdoor/Marsic.webp
Marsic,AOWS0261,24V DC,NA,3000K, CRI>80,φ61*92mm, 30°,2W,AJ/CG,AOWS0261/30/30, R-41248967 ,IS 10322 (PART 5/SEC 2) : 2012,11099,"Dongguan Qinglang Lighting Co.,Ltd.No.5, Fuming Road, Hengli Town, Dongguan CityGuangdong Province.",./assets/images/outdoor/Marsic.webp
Marsic,AOWS0261,24V DC,NA,3000K, CRI>80,φ61*92mm, 40°,2W,AJ/CG,AOWS0261/30/40, R-41248967 ,IS 10322 (PART 5/SEC 2) : 2012,11099,"Dongguan Qinglang Lighting Co.,Ltd.No.5, Fuming Road, Hengli Town, Dongguan CityGuangdong Province.",./assets/images/outdoor/Marsic.webp
Marsic,AOWS0261,24V DC,NA,3000K, CRI>80,φ61*92mm, 60°,2W,AJ/CG,AOWS0261/30/60, R-41248967 ,IS 10322 (PART 5/SEC 2) : 2012,11099,"Dongguan Qinglang Lighting Co.,Ltd.No.5, Fuming Road, Hengli Town, Dongguan CityGuangdong Province.",./assets/images/outdoor/Marsic.webp
Rigel,AUWL0368,24V DC,NA,RGB, CRI>80,φ69*75mm, 15°,3W,AJ/CG,AUWL0368/RGB/15, R-41248967 ,IS 10322 (PART 5/SEC 2) : 2012,13049,"Dongguan Qinglang Lighting Co.,Ltd.No.5, Fuming Road, Hengli Town, Dongguan CityGuangdong Province.",./assets/images/outdoor/Rigel.webp
Rigel,AUWL0368,24V DC,NA,RGB, CRI>80,φ69*75mm, 30°,3W,AJ/CG,AUWL0368/RGB/30, R-41248967 ,IS 10322 (PART 5/SEC 2) : 2012,13049,"Dongguan Qinglang Lighting Co.,Ltd.No.5, Fuming Road, Hengli Town, Dongguan CityGuangdong Province.",./assets/images/outdoor/Rigel.webp
Rigel,AUWL0368,24V DC,NA,RGB, CRI>80,φ69*75mm, 45°,3W,AJ/CG,AUWL0368/RGB/45, R-41248967 ,IS 10322 (PART 5/SEC 2) : 2012,13049,"Dongguan Qinglang Lighting Co.,Ltd.No.5, Fuming Road, Hengli Town, Dongguan CityGuangdong Province.",./assets/images/outdoor/Rigel.webp
Rigel,AUWL0368,24V DC,NA,RGB, CRI>80,φ69*75mm, 60°,3W,AJ/CG,AUWL0368/RGB/60, R-41248967 ,IS 10322 (PART 5/SEC 2) : 2012,13049,"Dongguan Qinglang Lighting Co.,Ltd.No.5, Fuming Road, Hengli Town, Dongguan CityGuangdong Province.",./assets/images/outdoor/Rigel.webp
Sarin,AUWL1213,24V DC,NA,RGB, CRI>80, φ135*58mm, 15°,12W,AJ/CG,AUWL1213/RGB/15, R-41248967 ,IS 10322 (PART 5/SEC 2) : 2012,21049,"Dongguan Qinglang Lighting Co.,Ltd.No.5, Fuming Road, Hengli Town, Dongguan CityGuangdong Province.",./assets/images/outdoor/Sarin.webp
Sarin,AUWL1213,24V DC,NA,RGB, CRI>80, φ135*58mm, 30°,12W,AJ/CG,AUWL1213/RGB/30, R-41248967 ,IS 10322 (PART 5/SEC 2) : 2012,21049,"Dongguan Qinglang Lighting Co.,Ltd.No.5, Fuming Road, Hengli Town, Dongguan CityGuangdong Province.",./assets/images/outdoor/Sarin.webp
Sarin,AUWL1213,24V DC,NA,RGB, CRI>80, φ135*58mm, 45°,12W,AJ/CG,AUWL1213/RGB/45, R-41248967 ,IS 10322 (PART 5/SEC 2) : 2012,21049,"Dongguan Qinglang Lighting Co.,Ltd.No.5, Fuming Road, Hengli Town, Dongguan CityGuangdong Province.",./assets/images/outdoor/Sarin.webp
Sarin,AUWL1213,24V DC,NA,RGB, CRI>80, φ135*58mm, 60°,12W,AJ/CG,AUWL1213/RGB/60, R-41248967 ,IS 10322 (PART 5/SEC 2) : 2012,21049,"Dongguan Qinglang Lighting Co.,Ltd.No.5, Fuming Road, Hengli Town, Dongguan CityGuangdong Province.",./assets/images/outdoor/Sarin.webp
Mizar,AOWS1212,24V DC,NA,3000K, CRI>80,φ125*122mm, 15°,12W,AJ/CG,AOWS1212/30/15, R-41248967 ,IS 10322 (PART 5/SEC 2) : 2012,29299,"Dongguan Qinglang Lighting Co.,Ltd.No.5, Fuming Road, Hengli Town, Dongguan CityGuangdong Province.",./assets/images/outdoor/Mizar.webp
Mizar,AOWS1212,24V DC,NA,3000K, CRI>80,φ125*122mm, 30°,12W,AJ/CG,AOWS1212/30/30, R-41248967 ,IS 10322 (PART 5/SEC 2) : 2012,29299,"Dongguan Qinglang Lighting Co.,Ltd.No.5, Fuming Road, Hengli Town, Dongguan CityGuangdong Province.",./assets/images/outdoor/Mizar.webp
Mizar,AOWS1212,24V DC,NA,3000K, CRI>80,φ125*122mm, 40°,12W,AJ/CG,AOWS1212/30/40, R-41248967 ,IS 10322 (PART 5/SEC 2) : 2012,29299,"Dongguan Qinglang Lighting Co.,Ltd.No.5, Fuming Road, Hengli Town, Dongguan CityGuangdong Province.",./assets/images/outdoor/Mizar.webp
Mizar,AOWS1212,24V DC,NA,3000K, CRI>80,φ125*122mm, 60°,12W,AJ/CG,AOWS1212/30/60, R-41248967 ,IS 10322 (PART 5/SEC 2) : 2012,29299,"Dongguan Qinglang Lighting Co.,Ltd.No.5, Fuming Road, Hengli Town, Dongguan CityGuangdong Province.",./assets/images/outdoor/Mizar.webp
