Name,Stock Code,Cutout,New Description,Image
Cove flexible 1,CO-100513, L1000*W13*H5mm,"Cove Profile Flexible
 White, 1Mtr,
 L1000*W13*H5mm.",./assets/images/profiles/cove-flexible-1.webp
Cove flexible 2,CO-152027, L1000*W27*H20MM,"Cove Profile Flexible
 White, 1Mtr,
 L1000*W27*H20MM",./assets/images/profiles/cove-flexible-2.webp
Cove,CO-101616, L1000*W16*H16mm.,"Cove Profile
 White, 1Mtr,
 L1000*W16*H16mm.",./assets/images/profiles/cove-profile.webp
Under cabinet 1,FR-040818, L1000*W08*H18MM,"Under Cabinet
 Grey & White Diffuser, 1Mtr,
 L1000*W08*H18MM",./assets/images/profiles/under-cabnet-1.webp
Under cabinet 2,FR-041011/CH,L1000*W12*H10mm,"Under Cabinet
 Champagne & White Diffuser, 1Mtr,
 L1000*W12*H10mm",./assets/images/profiles/under-cab3-cham.webp
Under cabinet 2,FR-041011/BL, L1000*W12*H10mm,"Under Cabinet
 Black & White Diffuser, 1Mtr,
 L1000*W12*H10mm",./assets/images/profiles/under-cabnet-3.webp
Under cabinet 3,FR-051009, L1000*W12*H10mm,"Under Cabinet
 Iron Grey & White Diffuser, 1Mtr,
 L1000*W12*H10mm",./assets/images/profiles/under-cabnet-2.webp
Wide Recessed,FR-181431,L1000*W23.5*H13.6mm,"Wide Recessed
 White & White Diffuser, 1Mtr,
 L1000*W23.5*H13.6mm",./assets/images/profiles/wide-recessed-WW.webp
Wide Recessed Black Finish,FR-181431/BW,L1000*W23.5*H13.6mm,"Wide Recessed 
 Black & White Diffuser, 1Mtr,
 L1000*W23.5*H13.6mm",./assets/images/profiles/wide-recessed-BW.webp
Wide Recessed Black Difuser,FR-181431/BB,L1000*W23.5*H13.6mm,"Wide Recessed 
 Black & Black Diffuser, 1Mtr,
 L1000*W23.5*H13.6mm",./assets/images/profiles/wide-recessed-BB.webp
Slim Recessed,FR-051213T,L1000* W7.8*H12mm,"Slim Recessed
 White &White Diffuser, 1Mtr,
 L1000* W7.8*H12mm",./assets/images/profiles/slim-recessed-WW.webp
Slim Recessed,FR-051213T/BW,L1000* W7.8*H12mm,"Slim Recessed
 Black &White Diffuser, 1Mtr,
 L1000* W7.8*H12mm",./assets/images/profiles/slim-recessed-BW.webp
Slim Recessed,FR-051213T/BB,L1000* W7.8*H12mm,"Slim Recessed
 Black & Black Diffuser, 1Mtr,
 L1000* W7.8*H12mm",./assets/images/profiles/slim-recessed-BB.webp
Slim Trimless,FR-050908T, L1000* W8*H9mm,"Slim Trimless
 White & White Diffuser, 1Mtr,
 L1000* W8*H9mm",./assets/images/profiles/slim-trimless-WW.webp
Slim Trimless,FR-050908T/WB, L1000* W8*H9mm,"Slim Trimless
 White & Black Diffuser, 1Mtr,
 L1000* W8*H9mm",./assets/images/profiles/slim-trimless-WB.webp
Thin Recessed,FR-120823T, L1000*W17.1*H8mm,"Thin Recessed 
 White &White Diffuser, 1Mtr,
 L1000*W17.1*H8mm",./assets/images/profiles/thin-recessed-WW.webp
Thin Recessed,FR-120823T/BW, L1000*W17.1*H8mm,"Thin Recessed 
 Black & White Diffuser, 1Mtr,
 L1000*W17.1*H8mm",./assets/images/profiles/thin-recessed-BW.webp
Thin Recessed,FR-120823T/BB, L1000*W17.1*H8mm,"Thin Recessed 
 Black & Black Diffuser, 1Mtr,
 L1000*W17.1*H8mm",./assets/images/profiles/thin-recessed-BB.webp
Thin Surface,FR-131617, L1000*W17*H15mm,"Thin Surface
 White & White Diffuser, 1Mtr,
 L1000*W17*H15mm",./assets/images/profiles/thin-surface-WW.webp
Thin Surface Black,FR-131617/BB, L1000*W17*H15mm,"Thin Surface
 Black & Black Diffuser, 1Mtr,
 L1000*W17*H15mm",./assets/images/profiles/thin-surface-BB.webp
Thin Surface,FR-131617/WB, L1000*W17*H15mm,"Thin Surface
 White & Black Diffuser, 1Mtr,
 L1000*W17*H15mm",./assets/images/profiles/thin-surface-WB.webp
Wide Surface,FR-201623, L1000*W23.5*H15mm,"Wide Surface
 White & White Diffuser, 1Mtr,
 L1000*W23.5*H15mm",./assets/images/profiles/wide-surface-WW.webp
Wide Surface,FR-201623/BB, L1000*W23.5*H15mm,"Wide Surface
 Black & Black Diffuser, 1Mtr,
 L1000*W23.5*H15mm",./assets/images/profiles/wide-surface-BB.webp
Wide Surface,FR-201623/WB, L1000*W23.5*H15mm,"Wide Surface
 White & Black Diffuser, 1Mtr,
 L1000*W23.5*H15mm",./assets/images/profiles/wide-surface-WB.webp
Ceiling,CR-253550T, L1000*W50*H35mm,"Ceiling Recessed
 White & White diffuser, 1Mtr,
 L1000*W50*H35mm",./assets/images/profiles/celling-recessed-W.webp
Ceiling,CR-253550T/BW, L1000*W50*H35mm,"Ceiling Recessed
 Black & White diffuser, 1Mtr,
 L1000*W50*H35mm",./assets/images/profiles/wide-recessed-BW.webp
Ceiling,CR-253550T/BB, L1000*W50*H35mm,"Ceiling Recessed
 Black & Black diffuser, 1Mtr,
 L1000*W50*H35mm",./assets/images/profiles/wide-recessed-BB.webp
Ceiling,CR-253535,L1000*W35*H35mm,"Ceiling Trimless
 White & White diffuser, 1Mtr,
 L1000*W35*H35mm",./assets/images/profiles/ceiling-trimless-WW.webp
Ceiling,CR-253535/BB,L1000*W35*H35mm,"Ceiling Trimless
 Black & Black diffuser, 1Mtr,
 L1000*W35*H35mm",./assets/images/profiles/celling-trimless-bb.webp
Ceiling,CR-253535/WB,L1000*W35*H35mm,"Ceiling Trimless
 White & Black diffuser, 1Mtr,
 L1000*W35*H35mm",./assets/images/profiles/ceiling-trimless-WB.webp
Grazer,GR-122015, L1000*W17.1*H20mm,"Curtain Grazer
 White, 1Mtr,
  L1000*W17.1*H20mm",./assets/images/profiles/curtain-grazer.webp
Wall Mounted UP/DOWN Profile,WW-121848TD,L1000*W48.5*H17.7mm,"Wall mounted 
 White & White diffuser, 1Mtr,
  L1000*W48.5*H17.7mm",./assets/images/profiles/wall-mounted-WW.webp
Wall Mounted UP/DOWN Profile,WW-121848TD/BW,L1000*W48.5*H17.7mm,"Wall mounted
 Black & White Diffuser, 1Mtr,
  L1000*W48.5*H17.7mm",./assets/images/profiles/wall-mounted-BW.webp
Wall Grazer Profile,GR-251727, L1000*27.5*17.3mm,"Wall Grazer 
 White & Transparent Diffuser, 1Mtr,
  L1000*27.5*17.3mm",./assets/images/profiles/wall-grazer.webp
Wall Grazer Profile,GR-254348,L1000*43*48mm,"Wall Grazer 
 Black & Transparant diffuser, 1Mtr,
 L1000*43*48mm",./assets/images/profiles/wall-grazer-black.webp
Lumen,FR-1515/B, L1000*16*3mm,"Lumen Fly 
 Black, L1000*16*3mm",./assets/images/profiles/luman-fly.webp
Bendable,TC-0216, L1000*16*16mm,"Bendable Curve 
 White & White Diffuser, 1Mtr,
 L1000*16*16mm",./assets/images/profiles/Bendable-curve-1.webp
Bendable,TC-0216/BW, L1000*16*16mm,"Bendable Curve 
 White & Black Diffuser, 1Mtr,
 L1000*16*16mm",./assets/images/profiles/Bendable-curve-1-B.webp
Bendable,TC-0220, L1000*20*16mm,"Bendable Curve 
 White & White Diffuser, 1Mtr,
 L1000*20*16mm",./assets/images/profiles/bendabke-curve-2.webp
Bendable,TC-0220/BW, L1000*20*16mm,"Bendable Curve 
 White & Black Diffuser, 1Mtr,
 L1000*20*16mm",./assets/images/profiles/bendabke-curve-2-B.webp
Trimless,TL-101313,L1000*W13*H14mm,"Thin Trimless 
 White & White diffuser, 1Mtr,
 L1000*W13*H14mm",./assets/images/profiles/thin-trimless-WW.webp
Trimless,TL-101313/WB,L1000*W13*H14mm,"Thin Trimless 
 White & Black diffuser, 1Mtr,
 L1000*W13*H14mm",./assets/images/profiles/thin-trimless-WB.webp
Trimless,TL-201430, L1000*W23*H14mm,"Wide Trimless 
 White & White diffuser, 1Mtr,
 1000*W23*H14mm",./assets/images/profiles/wide-trimless-WW.webp
Trimless,TL-201430/WB, L1000*W23*H14mm,"Wide Trimless 
 White & Black diffuser, 1Mtr,
 L1000*W23*H14mm",./assets/images/profiles/wide-trimless-WB.webp
Surface,FS-142217,L1000*W17*H22mm,"Deep Surface 
 White & White Diffuser, 1Mtr
  L1000*W17*H22mm",./assets/images/profiles/deep-surface-WW.webp
surface,FS-142217B,L1000*W17*H22mm,"Deep Surface 
 Black & White Diffuser, 1Mtr
  L1000*W17*H22mm",./assets/images/profiles/deep-surface-BW.webp
Recessed,FR-142217,L1000*W17*H22mm,"Deep Recessed 
 White & White Diffuser, 1Mtr
  L1000*W17*H22mm",./assets/images/profiles/deep-recessed-WW.webp
Recessed,FR-142217B,L1000*W17*H22mm,"Deep Recessed 
 Black & White Diffuser, 1Mtr
  L1000*W17*H22mm",./assets/images/profiles/deep-recessed-BW.webp
Trimless,TL 222542, L1000*W25*H42mm,"Deep Trimless
 White & White Diffuser, 1Mtr
  L1000*W25*H42mm",./assets/images/profiles/deep-trimless-ww.webp
Suspended,CS-3030B, L1000*W30*H30mm,"Suspended 1 
 Black & White Diffuser, 1Mtr
  L1000*W30*H30mm",./assets/images/profiles/SUSPENDED-1-B.webp
Suspended,CS-3034B,L1000*W34*H37mm,"Suspended 2
 Black & White Diffuser, 1Mtr
  L1000*W34*H37mm",./assets/images/profiles/SUSPENDED-2-B.webp
Suspended,CS-4026B, L1000*W40*H26mm,"Suspended 6
 Black & White Diffuser, 1Mtr
  L1000*W40*H26mm",./assets/images/profiles/Suspended-6-B.webp
Suspended,CS-4038,  L1000*W40*H39mm,"Suspended 7
 Black & White Diffuser, 1Mtr
  L1000*W40*H39mm",./assets/images/profiles/Suspended-7-B.webp
Suspended,CS-3225,  L1000*W32*H25mm,"Suspended 5
 White & White Diffuser, 1Mtr
  L1000*W32*H25mm",./assets/images/profiles/Suspended-5-WW.webp
Suspended,CS-3225B,  L1000*W32*H25mm,"Suspended 5
 Black & White Diffuser, 1Mtr
  L1000*W32*H25mm",./assets/images/profiles/Suspended-5-B.webp
Suspended,CS-5075WH, L1000*W50*H75mm,"Suspended 3
 White & White Diffuser, 1Mtr
  L1000*W50*H75mm",./assets/images/profiles/Suspended-3-WW.webp
Suspended,CS-5075BH, L1000*W50*H75mm,"Suspended 3
 Black & White Diffuser, 1Mtr
  L1000*W50*H75mm",./assets/images/profiles/Suspended-3-B.webp
Suspended,CS-5175B,L1000*W50*H75mm,"Suspended 4
 Black & White Diffuser, 1Mtr
  L1000*W50*H75mm",./assets/images/profiles/Suspended-4-B.webp
Water Proof Profile,WP-101518, L1000*18*H15mm,"Water Proof 
 White, 1Mtr,
 L1000*18*H15mm",./assets/images/profiles/water-proof.webp
Wall Mounted Profile,CT-374915, L1000*49*38mm,"Surface Indirect
 White & White diffuser, 1Mtr,
 L1000*49*38mm",./assets/images/profiles/Surface-Indirect-01-W.webp
